Marcela Reig Tomás,389196179,pia22@egea-muro.com
María Belén de Fernandez,589827830,jaumemerche@tomas-martinez.org
Baudelio Vázquez-Royo,601159528,lmari@gmail.com
Jose Manuel Gonzalo-Castilla,461985816,montserratrebeca@hotmail.com
Antonia Blanca Palmer,039055967,bautistanayara@hotmail.com
Galo Rico Mayoral,076061982,ramon20@hotmail.com
Eliana Alemany Pont,163504709,sorianomarcio@castells.com
Teresita Cañellas Pombo,662456939,olimpiatoro@gmail.com
Ismael Rubio Acosta,714254868,jmendoza@sevillano-cobos.com
Ignacio Renato Torralba Benet,470663645,judith40@gmail.com
Nydia Anna Casado Milla,997588369,juarezfabricio@gmail.com
Francisco Javier Mora Blanes,527402941,cabrerojosue@escamilla.es
Pepito Valbuena Bas,541395410,saturnino47@hotmail.com
Ariadna de Catalá,691248915,modestocanton@cepeda-vargas.es
Anna de Pastor,019860950,rafa97@hotmail.com
Plácido Pujol Tejera,824256957,agata06@gmail.com
Felisa Villena,811108603,caraujo@hotmail.com
Félix Calderon Vara,114651742,zvalverde@gmail.com
Benita Badía Gascón,777245364,recioodalys@hotmail.com
Eustaquio Narváez Cámara,334447124,aramburuclimaco@gmail.com
Che del Arribas,590990247,ramon27@quintana-arevalo.es
Onofre Lumbreras Coronado,937688978,encarnacion85@gmail.com
Ricardo del Jordá,998476231,ramona41@hotmail.com
Alfredo Donaire Guardiola,338514865,casasmariana@yahoo.com
Jose Carlos Arco-Fortuny,556022744,reyes74@marmol.com
Eduardo Luz Carretero,334157345,carrerasreyna@valencia.net
Daniela Dorita Navarro Velasco,129261827,efuertes@uria-campoy.net
Jose Ignacio Iglesias Pineda,996348866,anacletocifuentes@hotmail.com
Miriam Zamorano Mateu,113380109,toribio89@yahoo.com
Sonia Hervia Barrera,549245827,eloisa45@hotmail.com
Benito Alfonso Vicente,279886684,salompurificacion@yahoo.com
Faustino del Ruiz,148173176,azaharzamora@sola-aguilo.es
Nerea Cano Rosell,817585717,almudenabarragan@hotmail.com
Cecilia Arjona,305735275,pratinmaculada@yahoo.com
Artemio Boada,579844208,lcarrasco@carro.com
Cayetana Vila Pla,791558022,lucianaayllon@soria.com
Teófila Alcázar Cuéllar,274710282,hernando74@yahoo.com
Manu Planas Sáenz,623520365,ecastaneda@carmona.es
Jose Miguel Otero Carretero,970559008,angelitaguillen@beltran.es
Juan Bautista Aguilera Teruel,822306070,jose-ramoncastaneda@conde-aragones.es
Pascual del Moll,466362450,ascensiongonzalez@hotmail.com
Macario Kike Olivera Amorós,419773117,pfigueroa@gmail.com
Belen Pintor Osorio,289054464,ipriego@pozo.es
Luis Carbonell Palacios,962828739,oalmazan@tenorio.com
Nereida Carmela Millán Salas,009885157,kalberto@sanjuan.com
Victor Manuel Pavón Segovia,014015321,dionisio88@yahoo.com
Miguel Ángel Vendrell Cuervo,208860864,xsureda@sedano-arevalo.es
Juan Pablo Escobar-Aguado,946658146,eugenioperalta@duenas.es
Saturnino Amor Tur,815672295,violetaaznar@yahoo.com
Jacobo Seguí Llabrés,161850204,heliodorollano@valentin-huguet.es
Montserrat Mata Diaz,635697498,barbabarbara@pujol.com
Luisina Múñiz Sierra,571910738,eusebiocasals@yahoo.com
Gerónimo Bustos Aguado,524532317,vanesa32@yahoo.com
Isabela Ruiz Velázquez,360236711,adelardojodar@hotmail.com
Pascual Guijarro-Serna,010095249,yaguilera@gmail.com
Florinda Arroyo Cabeza,922087851,tleon@suarez-ramon.es
Bernardo Isidro Álvaro Domingo,862609867,clementerufino@lucena.es
Vinicio Donoso Rovira,119430502,julianmacias@gmail.com
Bonifacio Gelabert,607761826,leonel98@gmail.com
Ruth Morera-Higueras,098587032,daniel33@gmail.com
Juan José Fabregat-Fabregat,266048989,serraplacido@hotmail.com
Clarisa Marquez Nadal,342174064,modesto37@yahoo.com
Hilda Cornejo Ballesteros,704644506,amayajara@ayllon.com
Nicodemo Maximiliano Mora Sanz,470162060,zagudo@hotmail.com
Armando Codina Gallardo,359188245,batllenarcisa@jorda.net
Maxi Bartolomé Gibert,297209332,luciobaron@hotmail.com
Lucho Hervia Sanabria,102711306,ursulafigueras@gmail.com
Candela Pons-Martí,787294491,gimenezvito@hotmail.com
Concha Cuesta,423125761,juan-francisco22@antunez-pozo.es
Nazaret Llopis Oliver,611669958,trujilloovidio@aguado.org
Mateo Goñi Vélez,896344943,jtejedor@mendez.es
Gonzalo Chamorro Larrea,596391483,hbarragan@leon.es
María Luisa Valverde Arrieta,234179241,uvidal@gmail.com
Begoña Cal Morán,902463989,oliverasxiomara@yuste-corral.com
Herberto Aparicio Ariño,898843267,sandalio89@anguita.com
Jesús Gabino Piñol Infante,495837470,martina01@moreno.com
Luis Ángel Andres Prado,519791026,xgalvan@hotmail.com
Manuelita Torrens Miranda,146851467,clemente93@yahoo.com
Sebastián Zurita Valls,063262699,eva-mariallano@cantero-colom.com
Toribio Tirado Arnal,002225389,jbarroso@gmail.com
Emperatriz Elías-Fuentes,362810573,trinidad29@vilaplana-toro.es
Manuel Blázquez Téllez,999086189,eugenia39@navarrete-hidalgo.es
Angelita de Barrio,664603676,rpavon@galan.es
Remedios del Soto,103003077,rosendaarregui@pinto-zamora.net
Sandalio Cuéllar Tirado,011985142,bpalacio@carbo.com
Guiomar Miguel Borrás,856608870,pperera@vara.com
Remedios Borrás-Merino,568438073,olegario28@puerta.net
Baldomero Mayoral Colom,887050345,albert67@pera-montalban.com
Modesta Roberta Feijoo Marco,731092407,ruben61@rosales.com
Nidia del Tenorio,066040112,quique22@gmail.com
Inés de Salazar,135654438,bgomez@hotmail.com
Plácido Antón Valera,988647628,ezequielperez@gmail.com
Eli Somoza Díaz,660344323,matiaslinares@hotmail.com
Juan José Barriga Saldaña,868153165,cterron@gmail.com
Maite Arellano,447593113,cornelio03@hotmail.com
Alex Checa Becerra,375675383,ugarteleire@gallardo.com
Ruben Pla Ferrández,070259942,dani38@leal.es
Jose Manuel Montserrat-Prada,734264340,verdugoroldan@carballo.com
Teobaldo Barberá-Solé,689545196,jose-ramon50@arana-ramirez.es
Modesta Salas Ricart,323312478,gonieli@arteaga-solsona.org